leverage,cooks_distance,studentized_residual,flag_cooks_4n
0.002157849095958551,6.175410013410542e-07,-0.029269406340515374,False
0.0039304181733985,0.0016178004317237392,1.1090434471239838,False
0.0022277588126529014,0.0013608566070929373,1.3522233592072845,False
0.0026961673292483918,0.0015514337423489972,-1.3121019074379145,False
0.008016794668345387,0.00014402552891664718,-0.23122359347701357,False
0.004836157916773323,0.003346938341382392,1.4374129078813418,False
0.0012910916057211686,0.00013596833812569886,0.5617207346942867,False
0.0031140051122941674,3.568006454821878e-05,0.1851128340248203,False
0.001343207348405243,1.3272729109227987e-05,-0.1720589797469451,False
0.002197257170131903,7.981384794963255e-05,-0.32974760778629947,False
0.0023399975171233068,9.985580660117952e-05,0.3573805161038121,False
0.0024161294965861484,3.267897983468672e-05,-0.2011914303331592,False
0.001366438461287635,4.814441315639153e-07,0.032489394382090524,False
0.0032085021096159103,2.0934607683954853e-05,0.1396831558913405,False
0.001968493619213441,0.0002642142928823513,-0.6339337899313398,False
0.002275690189560994,0.00026042696256423526,0.5852646703029236,False
0.001604046515753617,0.004644236650765529,2.9448333650448335,False
0.002452125686581304,0.0024124255790078067,-1.7158649385947786,False
0.0024460151069716557,0.00014197709547167841,0.41678147509764657,False
0.0027020937837006634,0.0005126831074599991,-0.7534377493849538,False
0.0015181178470347323,0.00018608079415738184,0.6059387885144037,False
0.004377061609186075,3.910335596895863e-05,0.1633517382581899,False
0.004714972317325933,0.0009829627063817105,0.7889751228567959,False
0.00646041953095168,0.002727579030585408,1.1217898978661809,False
0.005476475006565778,4.069513280269797e-05,0.1488979908707335,False
0.0013898128165044559,0.0006445076403670428,1.1786761675297337,False
0.0016649946606128888,0.0028270547074045567,-2.255067058092996,False
0.0014564910432722784,0.0013132156205836166,1.643456580439629,False
0.0034204406320296485,0.00029077769278533077,0.5041457723694962,False
0.009785761773589073,0.00337277379589075,1.011862494529444,False
0.007613397938644938,0.003012619906257129,-1.0853854093978752,False
0.004487056659891404,0.0007301242207975657,-0.6971105958655949,False
0.0029977694460915916,1.8907147254062466e-05,0.13734807634634702,False
0.002197642528874939,2.466058160306953e-08,0.005795701667756822,False
0.0023740302679343102,8.049512346188814e-05,0.3185562717359323,False
0.0038089423035831613,0.0016011635014373765,1.120850243883839,False
0.001358604816123017,0.0013295026586215887,-1.7122352735570254,False
0.004630550700776599,0.0018153149248448875,1.081963096317817,False
0.006230444706722906,4.220801556962153e-05,0.1421154894730532,False
0.0019413670186296114,1.3383936099352908e-05,-0.1436735288122334,False
0.006641459449062411,0.0037191025351154174,-1.2918168817736149,False
0.0016818707276909132,0.00018557832063882646,0.5748604367631317,False
0.0055843962975334685,0.009648660499121322,-2.2703352385489994,True
0.0013406690323047028,0.00022273597728572666,0.7055108651345593,False
0.0013139715504725147,0.0008751305486220214,-1.4125978973780409,False
0.0015321619615905483,9.613744084212647e-06,0.13709499750761445,False
0.014890069955491143,7.554725818771119e-05,0.12245145794643628,False
0.00229885961954503,0.0012407850275118904,1.2710215320770633,False
0.0024078302490287322,1.5030861808928213e-05,-0.13668351890066113,False
0.0024910676802299596,0.00027934753985993984,-0.5792935406343988,False
0.0014995409082426822,0.00010327369557296141,-0.45420348473965494,False
0.002040770799630294,0.0011801892938578826,1.3158177673718559,False
0.004901632693790517,0.0006035277311681929,0.6062780808379158,False
0.0013644662854716391,4.911731727303787e-05,-0.3283976566321315,False
0.0016173483236726631,1.584332474072233e-05,-0.171289412962129,False
0.0017328953030879854,0.0013208577135493645,-1.5108657059693755,False
0.001494685728451017,0.00010424981030511355,0.4570866219049542,False
0.004545775629552986,0.004067025553343316,-1.6345782916303402,False
0.006553513011582223,0.0010537988179016126,0.6922686060249145,False
0.0031702282453355234,6.333690742816781e-05,0.24442987691378223,False
0.005927093374935287,0.010970045526234068,2.349378967139702,True
0.0037523267422347783,0.0015574780672653805,-1.1137941510831575,False
0.0012976338128073408,7.12488467736543e-07,-0.040559398864983186,False
0.0017612355060116112,0.002046605007774496,1.8654608666294208,False
0.002445915080931442,0.001229899254842655,1.2267129071591647,False
0.0030714096800769264,0.00033555300843596595,-0.571615961084808,False
0.00343778549916651,4.976102520880336e-05,0.20802623434684908,False
0.0016619710181679515,5.503714075793665e-07,0.03149311677138885,False
0.002598230481089383,9.543250143924892e-05,0.33151639538598837,False
0.0012842143751277662,0.0001757414361253606,-0.6403241867236216,False
0.0033619872183062592,2.1543895506663825e-06,-0.043771702531957155,False
0.004003120992946344,0.00345561741113104,-1.606027896128607,False
0.0029441121162023555,4.34065661785671e-05,0.2100007867333735,False
0.0016230744088238875,0.0001479198911931234,0.5224587044068658,False
0.005389271791236075,0.00011962265281134749,-0.2573527826609093,False
0.006269221231769178,0.005588507873964867,-1.630182151299437,True
0.0014555614614703298,0.0005177868130602398,1.0322967133030665,False
0.0013327754293364735,7.675154396611335e-05,0.41537092854221597,False
0.0018061095328485964,0.00025605947874911153,-0.6515780823243215,False
0.0013517202812190906,2.32004509628129e-05,-0.22676274460268367,False
0.0016461638551810225,0.0010907430966902167,-1.408729400632868,False
0.002910105018298729,0.0008356322956919589,-0.9267894087156994,False
0.002788617397209546,0.0002700066632204079,-0.5382041169953398,False
0.002968242117073857,0.0014638197224968472,1.2145328304663194,False
0.004401943798550184,0.0006386041802117394,-0.6582582019802863,False
0.0017325792461281128,0.0003020569829143395,0.7225733875301753,False
0.003457854558224475,0.00020715424600271112,-0.42320619960558453,False
0.0014348206144402377,3.907842115697108e-05,0.2856396794222181,False
0.008799117032263097,0.00011228627289257051,-0.19479834093414639,False
0.004826461363327365,0.0011804041392862459,0.8544978653671617,False
0.0025998898133999214,0.00021496590505101413,-0.4973964185443256,False
0.001579302206622576,0.0012378158092465953,-1.532190645973288,False
0.0016207774723922192,0.0009758580429255385,-1.3428887067865707,False
0.001260676040688808,9.205549554303538e-05,-0.4677457098840582,False
0.00491520897074986,0.002520729013910318,-1.2373220669107008,False
0.005199999007836962,0.000415197994893469,0.48815136634595024,False
0.003939097057784734,0.0002878311159128609,-0.4672766761582958,False
0.003312401123930705,0.006148685069063285,2.3559160871145624,True
0.0018224698084064244,0.0016230536309939816,-1.633054903834883,False
0.0049927863937078,4.571373778100812e-05,0.1653200832835938,False
0.0016226600477226055,0.0005966910848175391,-1.0494674856038961,False
0.0035631465304487376,0.00018581754833765885,-0.39483172363065694,False
0.0014040145525762988,1.6121776219960402e-05,0.1854710689094726,False
0.005257394237592902,0.008199475028903188,-2.1573655457668375,True
0.002740306582929983,5.4206651725151076e-05,0.24327163539483118,False
0.0065734568192163945,0.00931512291858257,2.0550665719357117,True
0.0023961271996885162,0.00014355270839519864,-0.42343860614340545,False
0.0032296298195590937,6.596594504409879e-05,0.24713924090194028,False
0.0022455407692091797,0.000911657829075152,1.1023713733972598,False
0.00635341692672379,8.24767880699949e-05,-0.19671559511521608,False
0.0021185413235153047,0.00020975448629710738,-0.5444240016198146,False
0.001577592532570849,0.00249233695317391,-2.175322963233918,False
0.0020732635570110238,0.0003508550774554157,0.7117813140275842,False
0.004292668362740021,1.9562953540930707e-05,-0.11667559459703221,False
0.0025375968630911823,0.0006792212768835714,-0.8949591682081081,False
0.0032684459150070623,5.8994284803098725e-05,0.23231863632107716,False
0.003977340733530175,0.0002607105868454376,-0.4425661273192348,False
0.0016449789928770354,0.0001051078510082988,-0.4374621981786252,False
0.007166750175378518,0.0014289339384003423,0.7706261227838229,False
0.0053940435912461174,0.0034014111740697122,-1.3716979714520863,False
0.0026345969865667683,0.0009934837501201362,1.0622116628449234,False
0.0021178310762059328,0.0013237005191504613,-1.3678846302265093,False
0.001362632798234852,0.0001565972409201421,-0.5867690085193502,False
0.004041710279644369,0.0052853110021523425,1.9766687073495401,True
0.0022280763316988835,0.0010580251837473426,1.1922277794922778,False
0.005919470659156465,0.00013492178586650854,0.26071799973689724,False
0.004137614003734968,0.000999828908110148,-0.8496658242134075,False
0.0032106800807031655,0.00023971607610296945,-0.47251149543839416,False
0.0017822686207086156,6.809900117786852e-06,0.10696878378468178,False
0.0023026386126060137,4.954021823056784e-06,0.0802465010885867,False
0.0014201882521937099,6.997011202641162e-07,-0.03841805243068773,False
0.003852307029305308,5.448212097599131e-07,0.020558387638526666,False
0.0036058965741133666,7.605293240876689e-06,-0.0794012886256291,False
0.0047045730225730616,0.002650051061519554,-1.2968915057873434,False
0.004059448343278141,0.00030241104401354643,-0.47178339291768245,False
0.0029545041478802147,0.0009411362204820701,0.9761174063455301,False
0.0028633696667852834,0.0017453442180124705,-1.3503296333953823,False
0.0022218989141076905,9.440595633113547e-06,-0.11277560379787434,False
0.007805712683697518,0.0011515579917198153,-0.6626674130761314,False
0.013559092369698007,0.0003691370408210436,0.28384069918533444,False
0.0015857663175153224,4.936929525707883e-05,-0.305368952015726,False
0.003430879328422033,0.0027625926780672576,1.5515652599242438,False
0.007250398250161033,0.0007117632702838661,0.5407136628236198,False
0.0032313115324130014,0.0014983354560366006,-1.1775325850054412,False
0.0021625414447291073,0.00037810142653734255,0.7234565737078716,False
0.001568389182081991,0.0002840899320447856,-0.7365814730528244,False
0.0018490049025758396,0.0001607081885801222,-0.5101627218328356,False
0.011314477984398847,0.00019045864296777056,0.22344610907377863,False
0.003037156209950883,0.0001500769137052992,-0.3844355079170203,False
0.016896301855252278,0.0034376059065883272,0.7746267777766398,False
0.0046843799986247105,0.001004706405178162,-0.8002663645310958,False
0.0028266922106743196,0.00029223957529639225,-0.5561298455032356,False
0.005030930844681074,0.0006220966811755233,-0.6075334376280619,False
0.0030575599484502537,0.00033375826199697335,-0.5713788909524928,False
0.0017932949459369798,0.0007458709030335264,1.1160324929653258,False
0.007938843994192068,0.0016968553157254182,0.7975788386424214,False
0.0015154292557527803,0.001528933267586183,1.7384321221219499,False
0.008949626598207243,0.018188246016080524,2.458110738991975,True
0.0015369516569320142,0.0004880004893209922,-0.9752290978225002,False
0.003193420272598606,1.633219725372115e-05,0.12366885636490794,False
0.005605947262013541,0.002078220705964878,-1.0516257612991107,False
0.0019062146467748579,0.00033225712469387304,-0.7224329622561184,False
0.008272580095132643,0.0008980370227356471,-0.5683075402111513,False
0.0020702325565292146,0.0007118935410305532,-1.0146320471679706,False
0.0022222923034117712,0.0006946471234686811,-0.967295250745183,False
0.004400718055424911,4.374086846685482e-05,-0.17229982762266233,False
0.002487343097647924,0.0010805189361618507,-1.140166242715069,False
0.002048177887491842,0.0005170258959797322,0.8693361240189384,False
0.0023834043766201257,0.0005211862595638401,-0.8089842611337459,False
0.0012569301601133192,0.00341390544020935,2.8527104102133065,False
0.001834342597633108,0.0001066791188079871,-0.4173125285004723,False
0.0015450517479677424,9.706214879673406e-06,0.13717605221566215,False
0.0015626795092114117,0.0007840231807893166,-1.225887236610915,False
0.0035811668625165523,0.003711668485138832,1.7601671123615072,False
0.004430553393376245,0.0017783081770802545,1.0948911180715264,False
0.002496043334987196,7.89181363964276e-05,0.3075957218761651,False
0.0062573714034536935,0.0029649768393611403,-1.1885358159717072,False
0.001458604158931716,3.11591522987314e-05,0.25296926416322213,False
0.003541656200984665,0.0015089700739597247,-1.1285669153577584,False
0.0016672832816658216,0.0013247437804167945,1.5426220192390252,False
0.0038907355289672014,0.0011000936740721376,0.9192065181188463,False
0.003978512918260222,9.38000042403319e-06,0.0839336334327712,False
0.0015211923898729974,0.002824370763573704,-2.358298825570513,False
0.0036821417606701986,0.0009005773368517961,-0.855007332609688,False
0.0017367650835419081,0.0003463079324643188,0.7727585979048642,False
0.005008600869870883,0.0029919832662443032,1.335339385228706,False
0.0035275565417042737,0.001421887633310842,1.0977132860052037,False
0.00324135886461466,0.0025520296843708073,-1.534387086244501,False
0.003667976762839089,0.0001207770107691167,0.3137195059844752,False
0.005094345270256008,0.002011735446765077,1.0856574654523028,False
0.0062948046854399125,0.004797061736983353,-1.507252218417754,False
0.004042619524386615,2.0420284477141108e-05,0.1228515001105472,False
0.0054244582980410416,0.0003123981057096711,0.41452957710960503,False
0.006426320097377626,4.157716452583341e-05,-0.13886951652646284,False
0.0027618194667091873,0.00303119450119766,-1.81204648759196,False
0.002387932617382475,5.6538323003147856e-05,-0.26619623076257803,False
0.002643631186362274,3.949416848780487e-05,-0.21142282136939242,False
0.0014514187582612807,3.8893965616386155e-06,-0.08959627910683403,False
0.0012861871191510367,0.00010424985078361512,-0.49279557407856417,False
0.0021650072794117932,8.470201574866332e-05,-0.34222141669849276,False
0.0014235506925016762,3.211352830256022e-07,0.02599613780806254,False
0.0044367224970900745,0.00036698444112398125,0.4970358962190589,False
0.001434137338004344,3.249769871180269e-05,-0.26054330472552956,False
0.00240372216056243,7.223752967716528e-05,-0.29990060830110604,False
0.006528032967718829,2.428207178633714e-05,0.10529072975577317,False
0.0014242997136459422,0.0015958551076198486,-1.8320914992067487,False
0.0026851602680423563,0.00027045502921451244,0.548958093794375,False
0.0032338647307502094,1.8392208425962816e-07,0.013041071609036566,False
0.002911428279027094,1.347626824387255e-05,0.11766824392432162,False
0.0015754297781301995,0.0005542083349641432,1.0264912668576267,False
0.004060671119172139,0.005025156308817162,-1.9228833898115247,True
0.005972005471051889,0.006952928521641732,-1.8633040116943136,True
0.0015075673080223065,4.783161829921991e-05,0.3082848608622151,False
0.004685301209237483,2.594928892702399e-06,-0.04066631393742087,False
0.0025921733658022337,2.4989782189251958e-05,0.16984244245947283,False
0.0037298639665175517,0.00022751684798785044,-0.42698190279748166,False
0.0016782677766488084,0.00030343566382114867,0.7358657230160301,False
0.003711662720575293,0.001255958052026445,1.005672247204989,False
0.0013776819085779322,0.0001248317834544544,0.5210139735677511,False
0.00232704361960377,2.6242086381484458e-05,-0.18371797326785833,False
0.001469354026046572,0.002005001188359427,-2.021787094808511,False
0.0015026600312083322,0.00035936056794648414,0.8463868874872663,False
0.0015527477034382134,0.0008749975374476246,1.2992004371487116,False
0.003173676832430412,0.0005310590767299789,0.7073924879317373,False
0.006389998966518936,0.0018112569548582045,-0.9191962491952591,False
0.0014572509790751163,0.0002501642597740056,0.7171159999220975,False
0.014858240557673898,0.003810387164970683,0.8705843421726946,False
0.005957160235520461,0.005494517315455167,1.658472636050068,True
0.0021284361040713722,0.0004900210239833289,-0.8301852232501794,False
0.0027394357094644127,1.2915191657783427e-05,-0.11876400142813488,False
0.005634590026906892,0.0013025684519821685,0.830429461073736,False
0.0017223840065519029,7.491644846725889e-06,0.11413264768478812,False
0.001649394138083171,0.0006274942664846066,-1.0674433300668227,False
0.0035839859908050977,0.00033091826636356215,0.5253614419075884,False
0.0021858528059149466,0.000256296744035257,0.5924429607966818,False
0.001755973833705623,1.0340448516468536e-05,0.13279742550795037,False
0.008208367215570186,0.00021534340966616002,0.2793883233658677,False
0.0015978761384693129,2.777580241794335e-05,-0.22817871332600523,False
0.0034475660918249014,0.0027587693777796746,1.546721429010181,False
0.002175303864332248,0.00048026237937086926,-0.8129560548815185,False
0.0032216163262847623,0.00037710081301069724,-0.591632139836002,False
0.0024884135739669687,1.16137419670069e-05,0.1181801147378602,False
0.005705893312914365,0.0016551421252618038,0.9301947467610158,False
0.0039373604184451735,0.002800569125078898,-1.4578891892930381,False
0.007817109811467386,0.0039999212032602845,-1.2341248741274273,False
0.004152970165351221,0.005783445558256905,-2.039721453895215,True
0.003046964905396958,1.694006961824169e-06,0.04077761739084553,False
0.006210531960600486,0.002013580592546364,-0.9831684422389829,False
0.013246473409789064,0.0004131913392957362,-0.30387182901568105,False
0.0031851216483047124,0.0005416856788608464,0.7131461601456296,False
0.0031521088588982605,0.0004427658141029869,-0.6481290859691319,False
0.0014563749769776028,4.0350180475917764e-05,0.2880913943891862,False
0.005281744685157932,6.50132281143172e-05,-0.19165618314055477,False
0.009740039253223316,0.002266829233938171,0.8315038913051354,False
0.003471165431603189,0.00024405749284000264,0.4584732260924053,False
0.00489819428555789,0.00047154015769262204,-0.5360875520916745,False
0.0015756222676150805,4.204482295539819e-06,-0.0894022449995184,False
0.0016432843009819983,0.0006755915201565219,1.1096582361908522,False
0.0012937630919269089,8.910281216115856e-05,0.45425303232418474,False
0.003842147404541701,0.0023037033129322034,-1.338600463002971,False
0.0013231835640900623,0.00021564224886933675,0.6987631416665251,False
0.0039886478313392055,0.0012088184998474034,-0.9516132359735597,False
0.001540417133297396,0.001076255652117868,1.4466531750309146,False
0.003229894619257061,0.0013621831157417086,1.1230050248664865,False
0.0019964885040900026,7.146138978891282e-05,0.3273625418621288,False
0.002651269197996297,4.994359248916128e-05,0.23740896957487656,False
0.0025622166337446154,3.3334234079425456e-05,-0.19730625448996106,False
0.0017414991579425174,0.00034106096141902763,0.7658372872231831,False
0.0039160018603393056,7.204524988123817e-05,-0.23447138041894197,False
0.0012526513432049272,3.5344599694977114e-05,0.2907601448255989,False
0.001904863062908612,0.0005159636970785311,0.9005841305743515,False
0.002771369662626448,0.0002766494014313081,-0.5464817144364167,False
0.001299477469136155,0.00013862654601420362,-0.5653496013207088,False
0.009800111644643962,0.004456824008822954,-1.1623028286497399,False
0.005412082351271155,0.0018442747238581715,-1.0083535366568932,False
0.001563527276092621,0.0015729452190533344,-1.735900842274751,False
0.004117667629660159,0.0009615757655073298,0.8352774401079959,False
0.012369679876142512,0.016429721607498535,1.983780909557817,True
0.003498445169347877,0.002551300613983934,1.4765321190992868,False
0.00399746085412324,0.002926369115203304,-1.4789833767324998,False
0.0016889901982949562,0.00036476917585533385,0.8042462768666521,False
0.005078402408080905,0.0034706118497194443,1.428218070797675,False
0.0027229382695741896,0.0001117185803823723,-0.35035825021784645,False
0.0015668209262066168,1.6026260332066212e-05,0.1750356632936143,False
0.0027811458843439774,0.003556523761895409,-1.9559459075926016,False
0.0016737798569763061,4.839919338067735e-05,0.29428407389176053,False
0.0035545677132114996,0.001339097235319867,-1.0612068594278885,False
0.003966099585437873,4.448603919239561e-05,0.1830744550507279,False
0.0019088188017393384,0.0013681913252325437,-1.4649972205425867,False
0.0013250497669043285,0.00015067836704971664,0.5836897449793005,False
0.0016911589576224962,0.0006142644582786315,1.0429862057133183,False
0.0012958424041666762,0.00022021669149592182,-0.7135560280787536,False
0.005059188852868315,0.0016846363294257208,-0.9969465744027578,False
0.009604034356992312,0.01481424917507819,-2.140809526815998,True
0.0017672756023164762,3.470379667841236e-05,-0.24250063657451448,False
0.0032451168457051597,0.0002218739762130379,-0.4521607152137405,False
0.004563685755884806,0.002981224456048833,-1.3967119176870137,False
0.0017370240526764307,0.00016106022772641054,0.526955992598109,False
0.006257321558280795,0.0003020036424475298,-0.3793232405251516,False
0.0034128902204866285,0.0010072906672837015,-0.9393652835055034,False
0.006983200819111622,0.0003655474121057677,-0.39489671071653704,False
0.004643359034292978,0.001957853351491296,1.1220802884976744,False
0.002798189859550184,0.00047169836771702935,0.7101429075370083,False
0.0017347850018093233,1.458587979613733e-06,-0.050179586953195215,False
0.0025944510901374828,0.00033298537212653537,0.6197069277847272,False
0.0032278326785718458,0.0012663715171316594,-1.0831376161930457,False
0.0034684086735977497,3.3971439851798837e-07,0.01711189112134295,False
0.004165366922855389,5.4415736288289696e-05,0.19755583583966882,False
0.003943900116041685,0.00014185711567460646,-0.327842411824207,False
0.0062665179256568265,0.0006995371188262227,0.5768831149719483,False
0.00602559469878691,0.0007629563438340582,-0.6144663635798866,False
0.0015917183965256183,0.00016889826537226383,0.5637599130484192,False
0.006698146593869523,0.0007908589341804444,0.5931621610382153,False
0.0015761583099104636,0.004244113854407094,-2.839956538767152,False
0.0022291173719536086,0.0011974893804140194,1.2680763634311925,False
0.0013582409609001708,0.003999916901287068,-2.9703153618250795,False
0.0029235156149572767,0.00023806746267243233,-0.4935397956619132,False
0.001961834921493978,0.0007160805261870366,1.045403387571911,False
0.002795141639972315,4.288624002192645e-05,-0.21424460577839183,False
0.004090975672562028,0.0029789156281639613,-1.4749799410605524,False
0.0024094034223949073,0.0007825859682588705,-0.9859345088134112,False
0.0012857914634982902,0.0004974007900103455,1.0765871899341921,False
0.0036731903905037454,0.004256658187529046,-1.8611192650687371,False
0.002073837111233149,0.0009781846768691235,1.188318719240991,False
0.0056818294167915884,2.879127775372807e-06,0.03887851689740383,False
0.002050288669281341,0.0008607622659903773,-1.1211121521683156,False
0.008132893288967942,0.0005987189142505601,-0.46803283636313764,False
0.0012560123990888654,0.0003835269603944441,-0.956508210342864,False
0.0030000145821285707,0.0007813350132907846,0.8826025211990005,False
0.006691115198021316,0.001017102146646024,0.6730321637623907,False
0.005125205470943447,0.004734284068553381,-1.6604138885568263,False
0.0018759210466441404,7.195131402274797e-05,-0.338894858944886,False
0.002351819574512231,0.0005650581551591307,-0.8479962036729201,False
0.004864139681762235,0.0031659247301275943,1.3939560763784253,False
0.0012731011427011153,0.0007051757853973758,-1.2882532367782586,False
0.00511666363680484,0.0049197537195480165,1.6940450412329122,False
0.0017924983707024791,1.3584693953023344e-07,0.015064911564669839,False
0.0014086858863274453,0.0005533438173764439,-1.084788240576803,False
0.00306191408894037,0.0003569875934297832,-0.5905066355580335,False
0.001779062589220501,0.00030944283297561713,-0.7217197090200158,False
0.011386247844842823,0.0053339775886847044,-1.1787161335983436,True
0.00759472621480367,5.352976910053196e-06,0.04580857509010521,False
0.005872293661696933,0.0031302289304052924,-1.260857145202817,False
0.00179568356735758,0.0027047112040930635,-2.1238111424381154,False
0.004755112985049381,0.00012392201166797683,-0.27894553364377034,False
0.007166423271762376,0.0073597703223804555,-1.7489595228471042,True
0.001961235343834626,0.0003001450371254303,-0.6769164374579043,False
0.001877636301641595,0.0004513778994825639,-0.8484317836993922,False
0.005633196985796678,0.0011853787491288125,-0.7922915704425314,False
0.00563285995219113,0.00863973819727979,2.1390445212598506,True
0.0015188588388971986,9.160158614711716e-06,0.1344074529245332,False
0.003492596160814898,0.00016220770634309584,0.37261681366165844,False
0.0017392631921541192,0.0016868121629667599,-1.7042501120199447,False
0.002471659716372384,0.0002961116313523008,-0.5987653258411139,False
0.0035008436009980725,0.00013108805056511862,0.33457562117521794,False
0.0013679036311988239,0.0004089591619972119,-0.9464019085157639,False
0.0013421818872555095,0.0004200407236768134,0.9682979059926471,False
0.004139571013228808,0.0015444706022327997,-1.055776569933883,False
0.00922752630278727,0.00042076049049175155,-0.3681479817288295,False
0.003554196693325601,0.00042342884862324237,-0.5967699702589598,False
0.0028556469019228375,2.4738880164544563e-05,0.16098203375362474,False
0.001588070146499132,0.00018154119805061935,-0.5851514235799883,False
0.0026614772310790506,3.497068862671345e-05,-0.1982771368795554,False
0.005278982173034534,0.00013336985211540592,-0.274577541202916,False
0.002338165020927715,0.0004068512519604621,-0.7216598696842234,False
0.004944506497525687,0.0004735919465907642,0.5347181880411367,False
0.009317189648555303,0.0005140629378190844,0.4049427429157698,False
0.006068184666431421,3.916027572831476e-06,0.043866440932434414,False
0.0014802710086852817,7.250690700624386e-05,-0.38305225682570265,False
0.0023466983693362408,0.0005715377080699475,0.8537766205795152,False
0.0027261775809410034,4.8698785877610655e-05,-0.23117977299477102,False
0.007696398458541171,0.0002483131486742106,-0.3099124316713311,False
0.0022671695019402015,2.4183527617601284e-05,0.17868396832105599,False
0.0032890665273751264,0.0032444342618627355,1.717427445978643,False
0.0016901934484313047,0.0008998807507088686,-1.2627505606223397,False
0.011166013827476244,0.0024283081243852735,0.8032026551935436,False
0.0019215791650359312,0.0022293755965966605,-1.863826323680876,False
0.006313741670280113,0.00012006965106326487,0.238099503259524,False
0.00492792209834332,0.004681629507165837,1.6840481371220115,False
0.0017300125501788068,0.00017892013045797027,0.5565313207716772,False
0.003233207508443991,3.0020948806330233e-05,0.16662985847077885,False
0.004586626026025137,0.0002758370050837584,-0.42378146888052737,False
0.005201518704699684,3.550685956558372e-07,0.014273130385463,False
0.003686424870401693,4.329114081238061e-05,-0.1873507658888299,False
0.004444098560002929,0.0008574526671069415,-0.7591134558277374,False
0.004200764369132871,0.00013970618010453092,-0.3152028748922437,False
0.0016184463415029559,3.433553117188599e-05,0.2520760785393224,False
0.00185420388335288,0.00027912986903383445,-0.6714010731983729,False
0.001893156014089323,0.0003129745124166091,-0.7035750450597567,False
0.0037441144920177883,0.0022234973836667495,-1.332262575872504,False
0.010767743322819967,0.0008161159115000332,0.47426746996190966,False
0.0025826843546857153,0.0003697777131282883,0.6545363636847025,False
0.001564382641225098,3.7234807344562144e-05,0.26700766043031954,False
0.0023280205431857647,0.0008876701327188925,1.0682844684964004,False
0.006693609821059142,0.00015386983070010636,0.2617271544375031,False
0.006112266431817825,0.0006264593479047665,0.5528083589641838,False
0.0037016598126441446,0.00012598298542634286,0.3189429644914539,False
0.002267550358908091,3.871845596319429e-06,-0.07149048123023738,False
0.004490978809302289,0.00021798903484210446,-0.38074135280334537,False
0.0031183536101657893,0.005014998981496506,2.1930835206990387,True
0.003262962425552623,0.00023019084403255255,-0.4592920327715311,False
0.0015493164294929356,0.00019937156457500908,-0.6208482796445157,False
0.0024565922821016373,0.00023246786421511943,0.5321590473310673,False
0.0014278057197391445,4.192553971822602e-05,0.2965890644449273,False
0.0020712346820429533,0.0012723947663288648,-1.356146727419345,False
0.0018122859432203736,0.000781505910279877,1.1363693458308413,False
0.001805159721988303,3.0742383091545235e-06,-0.071413321901598,False
0.0030118564273589584,0.0011505428615234791,-1.0689069294058708,False
0.012487959215232713,0.007313739929805583,1.3172125137818398,True
0.003442761650033366,0.0005135608603576192,0.6678120203383519,False
0.004946004811951093,0.0023377962031585057,-1.187845641366579,False
0.008407414184294122,0.008694744827209146,1.7539792921294608,True
0.0018251250418824397,0.00029041700238842014,0.6902853424077114,False
0.0025508038434740106,8.783480034862842e-07,0.03209968699296659,False
0.009557258827070673,0.0073081082786742415,1.5073396628365332,True
0.0034499213975361888,2.7574501387310136e-05,0.1545821791028262,False
0.006530815177431593,2.366310396063698e-06,-0.032861697001621136,False
0.009342160902572973,0.0014540324065249832,-0.680120458697758,False
0.0028561743376365493,0.00031859320764147003,0.5776508668965019,False
0.006052560103497015,0.0008142031416128263,0.6333432824559129,False
0.0012688943935764885,2.387695326747025e-06,0.07508646020957697,False
0.004170081365371604,0.0006454526536854661,-0.6800066240905805,False
0.0018956902769105717,2.4460620919722037e-05,0.1965615825568971,False
0.004728275570104911,2.349194546182509e-08,-0.0038515856714064155,False
0.003129833662804347,0.0018545046891049576,-1.331169216916209,False
0.001763664201590624,0.0011281635246398961,-1.3840615109333183,False
0.002887868204438677,0.00044345006260126436,0.6777449702107228,False
0.005504506374317066,0.01170521094925311,-2.518792955922262,True
0.004009398842025291,9.143904936796886e-05,0.2610444524498476,False
0.0019345894232476262,9.18579751847454e-05,-0.37705452686039,False
0.0029093940306181934,0.001668621652156185,1.309801867491224,False
0.0029574142934888567,0.00022338403551196655,-0.4753215054076142,False
0.00284006470727059,0.0004060224660734368,0.6539641671627383,False
0.005454804016235783,0.0002538172622787681,-0.3726008928446137,False
0.0026134615096406162,3.9117922203023213e-05,0.21162755464345873,False
0.002379608906260004,0.000434630070662056,0.7393505128386039,False
0.0015834236465563337,8.88914797487975e-05,-0.4100605817838275,False
0.0030674068222801766,0.0011424798173804535,1.0554364861743435,False
0.0022564671638501334,0.0006260504613365942,-0.9112976472387878,False
0.004601474684681934,0.00030057497706638593,0.441658930700647,False
0.003357956141460466,0.0012098722425629056,1.037916643730255,False
0.002506801842792647,0.0003808005360474484,0.6742242544566869,False
0.0050512690222425435,0.007190037364550776,2.0612292786508366,True
0.0038594839034528745,0.0006234644010780503,-0.694803732963189,False
0.0027757450156593133,0.0014874647485049095,-1.2661658638780715,False
0.0039660843512053035,0.0012216757120074987,-0.9593888953266674,False
0.002948099726391416,0.0005129730304637114,0.7214324803690152,False
0.00514568527244187,0.0003615738062368713,0.457949133811298,False
0.0029526765258800023,3.1827286995174776e-05,0.17956032707659875,False
0.004209417081965021,0.0017864297570988805,-1.125969502044787,False
0.002478574107356461,0.0006246349686188477,0.8684282371679825,False
0.0043765504132967405,0.001689462430246763,-1.073782909330688,False
0.006928424512348019,0.0034657172448720216,1.2207598071178063,False
0.007156946169514805,0.021216696551242278,2.9715013736910194,True
0.0018224477064920886,9.258919299021863e-05,0.39004717652855814,False
0.0017058361227458164,0.00021353085040536838,0.6122820884897991,False
0.0036704990982159985,0.00016430705188783684,-0.3657864915970181,False
0.002112189386834188,0.0021858651529191413,-1.7601380905424713,False
0.005257734076901481,0.00034771193007850575,-0.44424894018569716,False
0.0014842469482515435,0.0005463549978606528,-1.0500801902161354,False
0.0027183305215212764,0.0015846813265403261,-1.320655015696798,False
0.002103895671550247,0.0021722090547982354,1.7580936314980857,False
0.005173623635723702,0.00019499260232996328,0.33538676824724806,False
0.006889577669672891,0.00031391876605433607,0.36844421011659634,False
0.002781918631411113,7.032088468125247e-05,-0.2749955403898888,False
0.001497128141264232,8.134906135708255e-06,-0.12757984574703354,False
0.002110801422715226,0.0006642759660773092,0.9706270022414433,False
0.006906312638811178,2.6441902835133212e-05,0.10680189864833187,False
0.0035261155055457687,0.0004934031642948692,0.6467646665991337,False
0.002829354749672539,1.5204362372127419e-05,-0.1267902254622413,False
0.004451764653348796,5.645108777532378e-05,-0.194608515504618,False
0.004073446069465501,0.002219165910947776,-1.2758164107477554,False
0.0014729126382220282,0.0018313088583280972,-1.9298913360963879,False
0.0015191309327357537,1.5765629249850203e-05,-0.1763147122188941,False
0.0021822242155489185,7.27158698932687e-06,0.09987370524525051,False
0.001378477045167033,0.0006892930055387149,-1.2239488114481476,False
0.0031382317420652244,4.6103132127993144e-07,0.0209604599129731,False
0.0060723279140928975,5.8237084520295315e-05,0.1691064695788131,False
0.001448608979208785,0.0020585583567695135,-2.063249948577863,False
0.010179395721602267,0.0022100910736752412,-0.8029397504259649,False
0.003176979894729803,0.000299184828904288,0.5306793729327176,False
0.009308091775063504,0.00043131587290201254,0.37110544574473714,False
0.005935243279752834,0.002804844402013877,-1.1871431480360704,False
0.0025956977002089972,6.394911511779722e-05,0.27151039370936136,False
0.0012631347867882031,0.0004899806121666479,1.078079450229717,False
0.0013756031035972688,0.0003249672446785769,0.8412690930221712,False
0.004011812785303534,1.8927800632766773e-05,-0.11873191391494403,False
0.0015231403686560905,7.957594401102867e-05,-0.3955947914313629,False
0.007060365393361935,0.0005585473433605834,-0.4854432392807566,False
0.0028010371062555375,0.0003177222940216194,0.5825268532068338,False
0.002918660837711773,8.1104556673678e-05,0.28830802659630406,False
0.001634916082416535,0.0002468962650690908,0.6725349313385299,False
0.0014906723022142226,1.3586794043257482e-05,0.16523578025063523,False
0.0067412152920794674,0.0013765641686626453,0.7800473513588669,False
0.0014539131507365847,1.2478195009049886e-05,0.1603434915256313,False
0.003437021802247264,0.0009419782604497703,0.9051953170458665,False
0.008416119931225832,0.001843959117446989,0.8073187563887702,False
0.0018440272657847757,0.0003745090007993764,-0.7798432062418239,False
0.007831184703962175,0.008965554487049311,-1.8459853803290045,True
0.00512248610136856,0.003934141973777626,1.5140145707898545,False
0.0037734925166827975,0.00015492894664180314,0.35029522029078664,False
0.007277478024319261,0.007327552651363007,-1.7316638361894396,True
0.002359181535977998,0.0003176804749964315,-0.63483712148674,False
0.004756747324356611,0.0011024948015769557,0.8318757842265809,False
0.012471150110924705,0.00037936149798739903,-0.30019876123653483,False
0.008806346227091012,0.0010212016603544604,-0.5872158397289403,False
0.009983679716072467,0.0072138731140193695,1.4649430235647871,True
0.003504980589059408,0.0009689503390164592,-0.9090884592411246,False
0.010686629041082233,0.0028437519036858894,-0.8886956451183518,False
0.0016708973957533795,3.889098706356282e-05,0.26402623635417477,False
0.00592928951243138,0.00024926969985107254,0.3540810491950666,False
0.002189904788787373,0.0002524228680373201,0.587403197071291,False
0.0017508788401515922,0.0005107146601395383,0.9346332147134566,False
0.0014903364640229612,3.794167608734386e-05,0.27615496500577624,False
0.0025838003503459613,0.0003045038862704047,0.5938349846362329,False
0.005695764143492011,1.8036186573193413e-05,-0.09718889247220168,False
0.0019041109602866136,1.0457920881315901e-05,0.12823994121441795,False
0.002007078008679767,1.946177791428052e-05,0.17038583538137103,False
0.004799686449096157,7.858454338214183e-05,0.22109453760726763,False
0.00672227241820232,0.0019428363528228908,0.9280172147596675,False
0.0030511617273164867,0.0003109233120768955,0.5520661152314759,False
0.002550384653027789,2.664273459179012e-06,0.05591040871147241,False
0.0036579887501432956,0.000624440757940372,-0.7143142058198789,False
0.004079949682806014,2.7863246056755843e-06,0.04517116763637918,False
0.004008491271978493,7.920389417057793e-06,0.07683714888011305,False
0.0026711356690581403,7.556783230538663e-05,0.29093792055391515,False
0.004253396900351303,0.007562527318659201,2.304626584316018,True
0.004150470936615036,0.00040076940385153255,-0.5371011462890412,False
0.0013636113635085655,0.0001048444962952796,0.47994540021537074,False
0.005328772546055551,0.002562832652889279,1.1979727457366212,False
0.005478695797547976,5.682270474576301e-06,0.05562756249689829,False
0.0036568930888814318,0.006530671007698729,2.310403633077582,True
0.0024689643510560017,6.544433189072327e-05,-0.28164525910073274,False
0.0016724712377305117,9.235199252590775e-05,0.40666889615626717,False
0.004514252368039837,0.0008499871928886758,-0.7498794020893024,False
0.006222689772257873,6.852445773402958e-05,-0.18119194812561346,False
0.00188459317593772,6.404776160597752e-05,0.3190025671834778,False
0.0036656478642007303,0.0011351864009872372,0.9621026218094763,False
0.01725159186783444,0.0012471061245232246,0.461656463430496,False
0.002034549250249489,0.0011188088645704307,1.2831050855516748,False
0.005551855452386616,2.377360878871108e-05,-0.11302647387660172,False
0.0023167741847471396,5.529242391220614e-05,-0.26726859117549034,False
0.001631571904753661,0.0041956978517837746,2.775268716739354,False
0.001566724815665354,9.306140389482482e-05,0.4218019560219751,False
0.0025077659760550913,0.00042512378762495854,-0.7122452953503426,False
0.007892542143170936,0.0007139402757825328,-0.5188746710816785,False
0.001486037206853292,0.0003626335048973276,-0.8549817027447197,False
0.003098601311190183,0.0008997715481880741,0.931901493916683,False
0.0030830640865643277,5.9074433677788394e-05,-0.23938593035446715,False
0.0018711854543292743,2.4269040066926167e-05,0.19707058550488377,False
0.001521125053265407,1.985486160150264e-08,-0.006252893621009348,False
0.0021467239783882165,0.0004925454099791942,0.8287604271591057,False
0.0032473102818002964,0.0007650445442303176,-0.8393359072948423,False
0.00698035936461938,0.0020965224664918633,-0.9459113052563262,False
0.005832684581381939,0.0002795849100306709,0.3781054923840419,False
0.0016515540786205664,0.0002505176230446892,0.6740225744876454,False
0.00207605685043862,8.73018139730803e-05,0.35481450161936817,False
0.0028357783405787637,0.0005969318889980831,-0.7935425536113421,False
0.0033462072618905556,0.000525159860171469,0.6850182352062116,False
0.002269501483717278,0.0003844904471889924,-0.7121062423549481,False
0.001389565925580062,0.00010604617746064532,-0.4781526955414677,False
0.002537352354689797,0.0005758935891731292,-0.8241185311277403,False
0.0046928917454907475,0.0025343792671899262,1.2698567028857608,False
0.0028970527195946115,0.0004964156494511244,0.7159375813160801,False
0.002487827452593401,0.0003664244582028916,0.6638987159028886,False
0.0022378857700481756,0.0013351919625243238,1.3363709591783965,False
0.002696860988341524,0.007050956612047423,2.796848621605087,True
0.003962956310519295,0.003345532278480235,-1.5882590645092651,False
0.0037043706860270366,0.00044413628375154513,-0.5986260994323785,False
0.0025229863475628896,0.00021034044933079726,-0.49947760888615184,False
0.006566970294657701,0.001770966737249282,-0.8965047630181379,False
0.0021588124787743864,0.0006792054119688172,-0.9704752172929083,False
0.0016040298687752057,2.3797924990312758e-05,-0.2108023059019062,False
0.005238196604157631,0.0027507471125262227,-1.251856686589794,False
0.0013122751566546425,6.891149265172212e-05,0.3966512783334114,False
0.004046435915289021,1.26520235793896e-05,0.0966548909919524,False
0.004125603216989799,0.0004940801847044498,0.5981607342369938,False
0.003427280088124525,0.00041746804841438827,0.6034648052518143,False
0.0014432455486717579,0.00021529390056290504,0.6684866735335028,False
0.004232132961562848,7.396910537180499e-05,-0.22849947811230376,False
0.010354777864652016,0.016628676351716675,2.1835283776342465,True
0.012646381282152569,6.545099281698916e-05,0.12381463225920677,False
0.0014364281968955136,0.0015755169330086106,-1.8126671462681854,False
0.002681560053837723,0.0008416292743929916,-0.9690455793335329,False
0.005419495672282958,0.005521073608905246,-1.7434637826535349,True
0.00659019579819171,3.687747957507095e-05,0.1291386686939199,False
0.0048761597664783475,1.0345921599889614e-06,-0.025167774895449503,False
0.0034510236647483012,0.00026500611613790656,-0.4791416575732152,False
0.0015158577340028886,0.002191571157493475,2.081036892650807,False
0.005574605445773406,0.0006699004903677313,0.5987490136754693,False
0.003606966094346008,0.0006270306082299666,0.720857314044454,False
0.004138318852687675,0.0008553132536181865,-0.7857977200873478,False
0.005930092007041237,0.001680170805439637,-0.9192107448115681,False
0.00491712886418529,1.113106670496629e-05,0.08220587385387443,False
0.0074151211625483075,2.9810224759350973e-05,0.1094127551193258,False
0.005763664246714203,0.005611101919668703,-1.7040415679412635,True
0.002043867911574697,6.888840237717873e-06,-0.10045301974061727,False
0.0021831814897012433,5.1819866991685755e-06,0.08429256393291534,False
0.0018087275438700289,8.519535959702533e-06,-0.11876511828127331,False
0.00756029348945058,0.0018866780888704925,-0.8619702334289802,False
0.0034625258657815195,0.00018970371058239132,-0.40471457449538845,False
0.0017432730532373011,1.2197997074258299e-05,-0.14475824324956993,False
0.003466465626842481,3.36235414777601e-05,0.1702883213871937,False
0.001971076820459142,0.0002551186893351833,0.6225174836200363,False
0.0020939794984486883,0.0008326413226590073,1.0910589503173542,False
0.002339795662780496,2.6644102536819385e-05,-0.18461353326707025,False
0.002177229465787421,9.545887424160896e-05,-0.3622791875514803,False
0.002135949871333568,0.00020703486774992095,0.5386696838897588,False
0.004795830727843378,0.0006357383074286117,0.6291062335101145,False
0.002049078903383738,7.578254975616514e-05,-0.33275185459611056,False
0.002747193380392729,0.0005899127609409265,0.8015166358219813,False
0.007560822380909077,0.0033854140301067225,1.15460638399028,False
0.0066718617632177575,0.0034188687890863967,1.2357331390269541,False
0.003606946940688864,0.004370331218748816,1.903107287182409,False
0.0043605096373997435,0.0008245273978360843,-0.7515287589974362,False
0.004122995288356633,5.581413667157462e-09,0.0020110791621002575,False
0.008234543897818428,0.0001114808509430781,0.20069912499618897,False
0.0026477157039096104,3.071692957623021e-07,0.018631084951385428,False
0.0028927048415971325,0.0002930389621431111,-0.5504808262918734,False
0.004091203499431593,0.0026163556463188707,-1.382271200214251,False
0.0015102679268213899,8.731801706009071e-06,0.1316004461124314,False
0.0012885263847160723,0.00021834305010280458,-0.7125308549109408,False
0.001594120028660883,1.5717397200757408e-05,0.17184780824491136,False
0.004155857461877747,0.000630876613333095,-0.6734389113245673,False
0.001637613334682537,0.0005601048628777626,-1.0121239955344954,False
0.002511782893848556,4.655476891656798e-05,0.23550793959534186,False
0.002321765041187307,4.5589564403128766e-05,0.2424261496107977,False
0.004929085005286287,0.0008444296729469758,0.715132034061034,False
0.0031187113146813584,0.005246714480447585,2.243047534254146,True
0.009244004341163495,0.00031612580285875577,0.31881877168275835,False
0.00476968073936553,0.0005140626637557256,0.5672647568037118,False
0.010674317695700692,0.0036123060481158976,-1.0021955635632422,False
0.0022712735801920006,0.0012267459260859575,-1.2714797657954418,False
0.00916030305172178,0.007048482587031329,1.5123601346961244,True
0.0014411792283075184,0.0003494617411047747,-0.8522917306105084,False
0.0013383826697882482,0.0004355587910929778,-0.9874225617037004,False
0.0014783467838662822,1.0858054622716846e-08,-0.004690587280465545,False
0.013133096690427198,0.00018472876693159795,-0.20406739204117502,False
0.0034411669293266606,0.0009037037701122297,-0.8860786565181074,False
0.0032976007103517686,3.349932510694596e-05,-0.17428594839743375,False
0.004538734403101746,0.002247580134683199,1.2160824416693958,False
0.002142625248806433,0.00035697783072300066,-0.7062238448134518,False
0.008899515778784423,0.005465741245088701,-1.3513281279814089,True
0.003945200428724514,0.0015245026606811492,1.0745627983895445,False
0.0013874349474755166,0.00013240883407075488,0.5347013817850705,False
0.0013960014682254116,0.00013825422978893412,-0.5446952069771864,False
0.008587359026983267,0.005543553210574752,-1.3856455563273067,True
0.007773871702938083,0.0010879375205933408,-0.6454301517117932,False
0.0013806794270511044,1.2969692327111644e-08,-0.005304922204864415,False
0.0017957519486953364,0.0008353313758989772,1.1802569274376817,False
0.005872172284726174,0.0017581487140653107,-0.9449528777481798,False
0.001637324955629767,1.914057323242755e-09,-0.0018711768026877264,False
0.004969754113596699,0.0009772225766953488,0.7661398696500075,False
0.0029131248066637536,0.0053898187526628194,-2.3525272462067446,True
0.0045169655424171975,0.002094165207797305,1.176683436150933,False
0.0014119322068751683,0.0005834131124813781,-1.1125895693165055,False
0.008643132138282671,0.0006900957764723459,0.4872981308740951,False
0.0013269975812809285,4.37647681078751e-05,0.31433991567452113,False
0.007357726675670809,0.003919471482082458,1.2595022268376013,False
0.0015468131789121145,0.00019750088821859262,0.6184293262084992,False
0.005951720118210639,0.01053588313912569,-2.2976220412751185,True
0.0018118112865578065,0.0003458018644504636,-0.7560038820396695,False
0.0030656527056160013,1.8503264125503524e-05,0.1343558571548087,False
0.0016699077094619425,7.769782622167235e-06,-0.1180472591088199,False
0.0025230572618068743,0.0002866749096520825,0.5831004125737145,False
0.004884765621105457,0.0010704062377308989,0.8088160584576435,False
0.006466003048362682,0.0006918077371679382,0.5647116515464886,False
0.0036458499257372174,5.354049091175138e-05,-0.209512179609494,False
0.003908365717068613,0.004523935564402093,-1.8598198617038584,False
0.013359618396584018,0.0013316687254923555,-0.5431767149327704,False
0.0021385994922316037,0.00017727253152607263,0.4981403628194544,False
0.0030165243711388562,0.0009313366753574555,-0.9609582972948661,False
0.0018564510838848308,0.0002789389113446443,0.6707642767257569,False
0.00945405525923642,0.0021535462155987846,0.8227463597602404,False
0.0022367266017103353,2.886350971507118e-05,0.19653617626530054,False
0.0014504597148918398,0.004310321843935633,-2.983647066628073,False
0.014502157706174737,0.005470451606831073,-1.0560482097531496,True
0.003889390068160402,0.004569577819246665,1.8737502282172656,False
0.0016142084354137934,0.0001310279396630214,-0.49307385288173255,False
0.004926250775599598,0.005541241168019602,-1.8324558928146861,True
0.002483528217823903,0.0014682270126569784,1.330095183726711,False
0.0022600876234658645,1.0268293706177034e-05,0.11661537221592327,False
0.003407750055341035,0.0016259701217433463,1.1943779960453333,False
0.0017193487640029593,6.647765419396696e-05,0.3402850010262686,False
0.0022512842999677382,0.00022365551115895025,0.5453129945569468,False
0.002239288934855747,0.00010229545591786936,0.3697829908795289,False
0.0031689275514513284,0.0007066823490039432,0.8166338498244354,False
0.006295889542634684,0.011123217970367472,2.2949638256723386,True
0.0016446362735543245,0.0005840460671687386,1.0313161643215347,False
0.0015060971905777353,0.001147259858246196,-1.5105591499247517,False
0.0017903042668986867,0.0001382515690721864,0.4808871036988777,False
0.001311018470980279,0.0006174368380553136,1.1878664596774902,False
0.002871887117779573,0.0014937572108813682,1.2473617787434994,False
0.00902621900781314,0.0006732955569109918,-0.47091405242305373,False
0.0022027588675069673,0.0010275387929080308,1.1816732683305102,False
0.0033818340931612216,0.0009363764285566271,0.9098590394806716,False
0.008153416799355063,0.018349749114701858,2.5877845855333605,True
0.0039092104273738305,0.0007665512597879097,-0.7654840855838165,False
0.002912519125088219,0.00017953220735300837,-0.42940198867577967,False
0.002861572939303632,9.052534162402017e-05,-0.30762457735244025,False
0.0032369838016889693,0.0001996517769259633,-0.42946019009204833,False
0.0017263758129126283,0.0004271527992716352,-0.8608141210101604,False
0.004720223948281848,0.011070137228590897,-2.6462350491133173,True
0.0014157138389474394,5.9921338340626963e-05,-0.3560869066007412,False
0.0027777462730787608,0.00018105317920871048,0.4415840709969176,False
0.002733391069660825,0.0001668663373373998,-0.4273657829928453,False
0.007474806993629402,0.008708925074082365,1.8625746267199244,True
0.0016957507160744389,4.059842973904929e-06,0.08467704634349764,False
0.006267936036606737,0.004370554183632527,1.4417874978663239,False
0.001882740895646062,7.356408926323206e-05,0.3420495814134472,False
0.001264515010556697,0.00033034518327612866,0.8847241099013713,False
0.0023770693755645928,0.00011586520519110921,0.3819437677087552,False
0.0035647077025076786,0.002483214851363966,1.4430466275275384,False
0.0058484716361613676,4.939705016626263e-07,0.015871436399245053,False
0.00454503094251814,0.00032923479116101455,0.46511021271589975,False
0.00313190243580846,0.0001737330091314689,0.4073019926889912,False
0.004890845452635356,0.00014586330017404736,-0.2983850335861031,False
0.004155108482894547,0.0004136243977433213,0.5453412731599956,False
0.0014790527092031081,0.00251474687918591,2.256807574056025,False
0.00692704051646197,0.0002525378139315308,-0.32956459549582434,False
0.00306961847916245,0.00017418856708688554,0.41196532771350824,False
0.011640068785854975,0.005699093855268226,1.2048786913905276,True
0.007869879257424066,0.0033920865887657283,1.1326464680480752,False
0.0040711942938387695,1.0814985048635414e-06,0.028172593012217462,False
0.002476984042858621,0.004576465034296888,-2.3513948340992523,False
0.00570657793073465,0.0008417189963473915,0.663305500276303,False
0.003238560658991702,0.004685410241947113,-2.079955459239779,False
0.00208419506579314,0.0016315228301301173,1.5308582317125938,False
0.008228535504528935,2.5469779408778718e-05,0.09596607878816008,False
0.0032717718614195964,0.0012290302872385583,1.0598363056539615,False
0.001984168683912384,0.0004217600285907479,-0.797760917227882,False
0.001408416830374362,0.0010091494918862275,-1.4650981764424904,False
0.0029649275150896684,0.0001445363154806379,0.38185395641474656,False
0.002809632094987828,1.1845049974160364e-06,-0.035513492635532606,False
0.006447369136038624,0.00022362216264402938,-0.321530532557337,False
0.002300791998242608,7.742613760946014e-06,0.10036113391641975,False
0.0028714293000122793,0.007895159031105797,2.8679236469113065,True
0.005342120499821771,0.001220162824796588,0.8255617169167854,False
0.005542075200031325,0.001937841127666898,1.0213549806963145,False
0.010351011983849768,0.002997199134587822,0.9271875968899674,False
0.002669531352163127,0.0021206042539892705,1.5416737300115926,False
0.00414664055445958,4.790268164126948e-06,-0.05874758813997259,False
0.0026001185020052262,0.003454825263648553,-1.9939384862926295,False
0.005593349238546282,5.773792298215613e-05,-0.17548388781781007,False
0.003649149050580652,0.0010759656371762964,0.938793718122873,False
0.002476963602194114,0.0006611636963702205,-0.8937514952276788,False
0.00904094609763427,8.06286159901148e-05,-0.1628268963666056,False
0.002312106426254996,0.0003317285616956898,-0.6553080469621638,False
0.0018125539310557817,0.001496348582346786,1.5723079076794026,False
0.0024251935052370813,0.0005248488868062986,0.8047802420941422,False
0.004047928540065606,0.0005386661804775512,0.6305554493681635,False
0.0019152495397675938,0.00025804445589401663,0.6351538288115885,False
0.0028851194653370296,8.1602347589956e-07,-0.02908724923439271,False
0.006921224536051357,0.00019112524116042374,0.28682700046319703,False
0.007524358723871838,0.0033309717256033607,-1.148077703107777,False
0.0033846436905799106,0.005083426663339065,-2.1190744631923946,True
0.0028772552434338755,2.222216665938476e-05,0.15199837460411295,False
0.00308709941714544,0.00020105195833298146,0.44133470618562765,False
0.0027226615824681904,0.001581601672231116,1.3183184455731445,False
0.0015479602657769793,0.0013644888249464088,1.62491002791099,False
0.0034883812712902676,0.003106058898314118,1.6315285616999686,False
0.001865119216067217,0.0005152332709246505,-0.9095024959003091,False
0.0027076745266788023,8.887558308600441e-05,-0.31337537579334923,False
0.003256294165037755,0.00026748611156540003,0.49561127917440345,False
0.0023822713433127012,0.005128461654718512,2.5382865562999033,True
0.005705005704455091,0.0040837324521514964,1.4612309186563672,False
0.002774635377710338,0.001157646608985119,1.1172293282921157,False
0.0016534639306886403,5.99406324349496e-05,-0.3295069526939855,False
0.003937596394723481,0.0008668045625550109,-0.8110523673745959,False
0.007773616356559165,0.0016985030303078997,0.8064688996025501,False
0.005253838265296627,0.0017380914851944968,-0.9936071996989767,False
0.0037660571241002025,3.0676090020754945e-05,-0.1560263125975951,False
0.0015349584543858934,4.743925435376266e-07,-0.030426197064372103,False
0.0037117762689934082,0.00348778891311362,1.6758584241909058,False
0.0036475746483321083,0.00016237150086524402,-0.36477068333369805,False
0.0030984569713155352,0.006085423994914555,-2.4235916527673798,True
0.002717002617015384,0.0002631511012904566,0.5383037463992585,False
0.002880330125189144,0.00031683728203251436,-0.573629232731604,False
0.0069256591898119125,1.0073746532697148e-07,-0.006582887895337039,False
0.0035018722805943378,1.7313801871421102e-06,-0.03844544935143306,False
0.0030670858434275637,2.4027835620157818e-05,-0.15306925027400117,False
0.001268823112261502,0.0002961766622309638,0.836295592167896,False
0.006033055535590794,0.003945537691910765,-1.396468149878723,False
0.002847945183816934,0.00020846585277434841,-0.4679430182853896,False
0.0012593943005031148,0.0002267482525278308,0.7344768192829308,False
0.004327751605089431,0.0005675860927335048,-0.6258979633588524,False
0.007623516899446994,0.0070517571082585025,-1.659471691055224,True
0.0024421738786317257,0.0004810602942947809,0.7677876689841577,False
0.003805076915483583,0.0015500999438642035,1.1033947663958465,False
0.0014786405216452173,5.3669653994611156e-08,-0.01042731282693098,False
0.00413829944372467,0.005414529135214198,-1.9771040862110856,True
0.005513273374169291,0.0008142852521715072,0.6638097755929988,False
0.0016446428556859047,0.0013807120738716957,-1.585692469119529,False
0.002033952785416245,7.855186472832746e-05,0.34003711769632883,False
0.005417452525311921,0.0012974078590543806,-0.8453211778900105,False
0.0015511723933546932,0.0005951696934800641,-1.0720471925503148,False
0.0027815874520620157,0.00010721325592763991,-0.33957339370542644,False
0.002888427828981122,6.992688122566704e-06,-0.08509887617795156,False
0.005917537841481593,0.0004529094880417158,-0.47775695805052365,False
0.00251942981106145,0.00029633801669068767,0.593274118686407,False
